{
  "id": "4006c361-c97a-4498-b383-806e6bbe8725",
  "generation": 0,
  "iteration": 0,
  "timestamp": 1781891148.9156759,
  "parent_id": null,
  "metrics": {
    "sum": 28,
    "init_diff": 0,
    "validity": 1,
    "eval_time": 0.6377074718475342,
    "combined_score": 0
  },
  "language": "python",
  "saved_at": 1781891491.4206767
}